photo,Brand,Product,Quantity,Price
1201559_1-johnson-johnson-baby-skincare-wipes-super-saver-pack.jpg,Johnson & Johnson,Baby Skincare Wipes - Super Saver Pack,2x80 pcs Multipack - Rs 722.46,722.46
262267_15-johnson-johnson-baby-skincare-wipes.jpg,Johnson & Johnson,Baby skincare wipes,20 pcs  - Rs 67.90,67.9
1201591_1-johnson-johnson-baby-skincare-wipes-80-pcs-baby-powder-200-gm.jpg,Johnson & Johnson,Baby skincare wipes 80 pcs + Baby Powder 200 gm,Combo 2 Items,327.95
40096621_2-pampers-wipes-baby-fresh-clean.jpg,Pampers ,Wipes - Baby Fresh Clean,64 wipes  - Rs 166.50,166.5
40091565_1-littles-baby-wipes-soft-cleansing.jpg,Littles,Baby Wipes - Soft Cleansing,30 pcs  - Rs 57.23,57.23
40112231_1-bigbasket-wet-wipes-citrus.jpg,bigbasket,Wet Wipes - Citrus,80 pcs ,150.0
40112234_1-bigbasket-wet-wipes-citrus.jpg,bigbasket,Wet Wipes - Citrus,30 pcs ,49.0
40112233_1-bigbasket-wet-wipes-lavender.jpg,bigbasket,Wet Wipes - Lavender,30 pcs ,49.0
40112230_1-bigbasket-wet-wipes-lavender.jpg,bigbasket,Wet Wipes - Lavender,80 pcs  - Rs150.00,150.0
40112232_1-bigbasket-wet-wipes-rose.jpg,bigbasket,Wet Wipes - Rose,80 pcs  - Rs150.00,150.0
40112235_1-bigbasket-wet-wipes-rose.jpg,bigbasket,Wet Wipes - Rose,30 pcs  - Rs49.00,49.0
40076925_4-sebamed-wipes-baby-cleansing-extra-soft.jpg,Sebamed,"Wipes - Baby Cleansing, Extra Soft",72 pcs ,377.33
40090040_4-baby-dove-baby-wipes-rich-moisture.jpg,Baby Dove,Baby Wipes Rich Moisture,50 pcs ,203.7
20002825_5-himalaya-wipes-gentle-baby.jpg,Himalaya,Wipes - Gentle Baby,72 pcs Pouch,152.25
20004208_2-johnson-johnson-buds.jpg,Johnson & Johnson,Buds,15 stems  - Rs 19.40,19.4
295801_9-dove-hair-fall-rescue-shampoo.jpg,Dove,Hair fall Rescue Shampoo,650 ml  - Rs 337.50,337.5
1203522_1-dove-intense-repair-shampoo-650ml-bathing-bar-soap-cream-beauty-100g-pack-of-3.jpg,Dove,Intense Repair Shampoo 650ml + Bathing Bar Soap Cream Beauty 100G Pack of 3,Combo 2 Items,484.14
1202725_1-dove-hair-fall-rescue-shampoo-650-ml-conditioner-hair-fall-rescue-180-ml.jpg,Dove,Hair Fall Rescue Shampoo 650 ml + Conditioner - Hair Fall Rescue 180 ml,Combo 2 Items,367.12
1202699_1-indulekha-bhringa-hair-oil.jpg,Indulekha,Bhringa Hair Oil,2x100 ml Multipack - Rs 821.32,821.32
40002097_11-tresemme-shampoo-keratin-smooth-with-argan-oil.jpg,TRESemme,Shampoo - Keratin Smooth With Argan Oil,580 ml  - Rs 328.00,328.0
258358_2-bajaj-hair-oil-almond-drops.jpg,Bajaj,Hair Oil - Almond Drops,100 ml  - Rs 61.11,61.11
20004217_3-parachute-coconut-oil-100-pure.jpg,Parachute ,Coconut Oil - 100 % Pure,100 ml Bottle,37.83
268458_10-dove-intense-repair-shampoo.jpg,Dove,Intense Repair Shampoo,650 ml  - Rs 337.50,337.5
248215_2-parachute-coconut-oil-100-pure.jpg,Parachute ,Coconut Oil - 100% Pure,1 L ,388.0
278328_9-garnier-garnier-color-naturals-hair-colour-mini-shade-3-darkest-brown-30-ml.jpg,Garnier,"Garnier Color Naturals Hair Colour Mini Shade 3, Darkest Brown 30 ml",30 ml  - Rs 111.55,111.55
40013464_6-himalaya-anti-dandruff-shampoo.jpg,Himalaya,Anti-Dandruff Shampoo,700 ml  - Rs 352.80,352.8
40009484_6-patanjali-kesh-kanti-milk-protein-hair-cleanser.jpg,Patanjali,Kesh Kanti - Milk Protein Hair Cleanser,200 ml ,95.0
189103_5-garnier-garnier-color-naturals-hair-colour-regular-shade-1-natural-black-100-ml.jpg,Garnier,"Garnier Color Naturals Hair Colour Regular Shade 1, Natural Black 100 ml",100 ml ,174.6
30002410_5-patanjali-kesh-kanti-anti-dandruff-hair-cleanser-shampoo.jpg,Patanjali,Kesh Kanti - Anti-Dandruff Hair Cleanser Shampoo,200 ml ,110.0
216747_5-head-shoulder-anti-dandruff-shampoo-anti-hairfall.jpg,Head & Shoulder,Anti-Dandruff Shampoo - Anti Hairfall,360 ml  - Rs 220.00,220.0
100586897_7-tresemme-shampoo-smooth-shine.jpg,TRESemme,Shampoo - Smooth & Shine,580 ml Bottle - Rs 300.00,300.0
260632_3-loreal-paris-shampoo-total-repair-5.jpg,Loreal Paris,Shampoo - Total Repair 5,75 ml Bottle - Rs 58.20,58.2
40002074_4-sunsilk-perfect-straight-nourishing-conditioner.jpg,Sunsilk,Perfect Straight Nourishing Conditioner,180 ml ,140.0
40016313_3-patanjali-mehendi-herbal.jpg,Patanjali,Mehendi - Herbal,100 gm ,35.0
262974_5-dove-hair-fall-rescue-conditioner.jpg,Dove,Hair fall Rescue Conditioner,180 ml  - Rs 152.00,152.0
208013_2-savlon-antiseptic.jpg,Savlon,Antiseptic,1 ltr  - Rs 245.41,245.41
282995_1-johnson-johnson-band-aid-flexi-antiseptic.jpg,Johnson & Johnson,Band Aid Flexi - Antiseptic,100 pcs ,194.0
20004209_2-johnson-johnson-band-aid-washproof.jpg,Johnson & Johnson,Band-Aid - Washproof,10 pcs ,24.25
40114368_4-dettol-disinfectant-hygiene-liquid-multi-use-menthol-cool.jpg,Dettol,"Disinfectant Hygiene Liquid - Multi-Use, Menthol Cool",200  ml ,66.4
30010278_1-boroline-suthol-antiseptic-skin-liquid-chandan-plus.jpg,Boroline,Suthol Antiseptic - Skin Liquid (Chandan Plus),100 ml Bottle,44.62
253539_3-dettol-antiseptic-liquid-germ-protection.jpg,Dettol,Antiseptic Liquid - Germ Protection,210 ml  - Rs 62.03,62.03
40007168_2-lakme-eyeconic-kajal.jpg,Lakme,Eyeconic Kajal,0.35 gm Brown,247.5
40017864_2-patanjali-herbal-kajal.jpg,Patanjali,Herbal Kajal,3 gm ,90.0
40000392_9-himalaya-anti-wrinkle-cream.jpg,Himalaya,Anti-Wrinkle Cream,50 gm  - Rs199.75,199.75
281185_9-lakme-nail-color-remover.jpg,Lakme,Nail Color Remover,27 ml ,87.3
40022551_1-garnier-men-acno-fight-face-wash-for-men.jpg,Garnier,Men - Acno Fight Face Wash For Men,100 gm ,174.6
40124413_3-himalaya-clear-complexion-whitening-day-cream.jpg,Himalaya,Clear Complexion Whitening Day Cream,50 gm ,199.75
40028957_2-bare-essentials-face-sponge-fc-01.jpg,Bare Essentials,Face Sponge (FC-01),1 pc ,96.03
40076756_2-lakme-jewel-sindoor-maroon.jpg,Lakme,Jewel Sindoor - Maroon,4.5 ml ,135.8
40128413_1-lakme-kajal-gel-9-to-5-naturale-black.jpg,Lakme,"Kajal - Gel, 9 To 5 Naturale, Black",3 gm ,388.0
40028959_2-bare-essentials-makeup-brushes-fc-11.jpg,Bare Essentials,Makeup Brushes (FC-11),1 pc ,417.1
40078317_1-lakme-perfecting-liquid-foundation.jpg,Lakme,Perfecting Liquid Foundation,27 ml Shell,126.0
40028958_2-bare-essentials-pimple-blackhead-remover-fc-06.jpg,Bare Essentials,Pimple & Blackhead Remover (FC-06),1 pc ,164.9
40078310_1-lakme-radiance-complexion-compact-marble.jpg,Lakme,Radiance Complexion Compact - Marble,9 gm ,135.0
40079519_2-bare-essentials-straight-tweezers-fc-07.jpg,Bare Essentials,Straight Tweezers FC-07,1 pc ,140.65
40114556_2-khadi-natural-under-eye-gel.jpg,Khadi Natural,Under Eye Gel,50 gm ,286.15
40013500_4-himalaya-natural-glow-fairness-cream.jpg,Himalaya,Natural Glow Fairness Cream,50 gm  - Rs 68.00,68.0
30007123_3-lakme-lip-gloss-absolute-plump-shine.jpg,Lakme,Lip Gloss - Absolute Plump & Shine,3 ml Beige Shine,475.0
40082477_3-lakme-face-cream-complexion-care-color-transform-beige.jpg,Lakme,"Face Cream - Complexion Care Color Transform, Beige",30 gm ,338.53
1202832_1-himalaya-cream-under-eye-15-ml-cream-anti-wrinkle-50-gm.jpg,Himalaya,Cream - Under Eye 15 ml + Cream - Anti Wrinkle 50 gm,Combo 2 Items,337.37
40069160_4-lakme-9-to-5-complexion-care-cream-beige.jpg,Lakme,"9 to 5 Complexion Care Cream, Beige",9 gm Tube,96.03
30007123_3-lakme-lip-gloss-absolute-plump-shine.jpg,Lakme,Lip Gloss - Absolute Plump & Shine,3 ml Beige Shine,475.0
281185_9-lakme-nail-color-remover.jpg,Lakme,Nail Color Remover,27 ml ,87.3
40134339_2-cinthol-beard-oil.jpg,Cinthol,Beard Oil,35 ml ,213.4
40134341_2-cinthol-beard-wash-fresh-burst.jpg,Cinthol,Beard Wash - Fresh Burst,100 ml ,174.6
40134342_2-cinthol-beard-wash-sensitive.jpg,Cinthol,Beard Wash - Sensitive,100 ml ,174.6
255874_12-vaseline-intensive-care-deep-restore-body-lotion.jpg,Vaseline,Intensive Care Deep Restore Body Lotion,100 ml Bottle - Rs 70.55,70.55
40118800_15-vaseline-body-lotion-intensive-care-deep-restore.jpg,Vaseline,Body Lotion - Intensive Care Deep Restore,400 ml ,186.4
40077746_1-patanjali-body-cleanser-saundarya-sandal.jpg,Patanjali,Body Cleanser - Saundarya Sandal,75 gm ,35.0
40081424_2-bio-oil-specialist-skin-care-oil-scars-stretch-mark-ageing-uneven-skin-tone.jpg,Bio-Oil,"Specialist Skin Care Oil - Scars, Stretch Mark, Ageing, Uneven Skin Tone",125 ml  - Rs 516.00,516.0
40042299_3-vaseline-body-lotion-intensive-care-advanced-repair.jpg,Vaseline,Body Lotion - Intensive Care Advanced Repair,300 ml  - Rs 224.00,224.0
40016331_2-patanjali-tejus-body-lotion.jpg,Patanjali,Tejus - Body Lotion,100 ml ,60.0
40002103_6-vaseline-intensive-care-deep-restore-body-lotion.jpg,Vaseline,Intensive Care Deep Restore Body Lotion,200 ml ,148.0
40114563_2-khadi-natural-aloevera-gel-green.jpg,Khadi Natural,Aloevera Gel - Green,200 gm ,174.6
40100882_2-delon-body-butter-with-argan-oil.jpg,DELON,Body Butter - With Argan Oil,200 ml ,969.03
40100880_1-delon-body-butter-with-avocado-oil.jpg,DELON,Body Butter - With Avocado Oil,200 ml ,872.03
40079228_4-soulflower-coldpressed-sesame-carrier-oil.jpg,Soulflower,Coldpressed Sesame Carrier Oil,225 ml ,297.5
40127428_1-ponds-derma-hydrating-day-gel-flawless-radiance-spf-15-pa.jpg,Ponds,"Derma + Hydrating Day Gel - Flawless Radiance, SPF 15, PA++",50 gm ,658.63
40127429_1-ponds-light-moisturiser-all-seasons-non-oily-fresh-glow.jpg,Ponds,"Light Moisturiser All seasons, Non Oily, Fresh Glow",75 ml ,111.55
40127430_1-ponds-light-moisturiser-all-seasons-non-oily-fresh-glow.jpg,Ponds,"Light Moisturiser All seasons, Non Oily, Fresh Glow",150 ml ,193.03
40100886_1-delon-moisturising-lotion-organic-now.jpg,DELON,Moisturising Lotion - Organic Now,325 ml ,678.03
20005439_1-drbatras-moisturzing-cream-intense.jpg,Dr.Batra'S,Moisturzing Cream - Intense,100 gm ,339.5
40016812_3-nivea-q10-body-lotion-firming.jpg,Nivea,Q10 Body Lotion - Firming,250 ml ,266.75
40100887_6-delon-skin-lotion-aloe-vera.jpg,DELON,Skin Lotion - Aloe Vera,591 ml ,532.53
40079158_2-soulflower-tea-tree-essential-oil.jpg,Soulflower,Tea Tree Essential Oil,15 ml ,436.5
40111261_2-the-body-shop-tea-tree-mattifying-lotion.jpg,The Body Shop,Tea Tree Mattifying Lotion,50 ml ,868.15
40090542_3-nescafe-instant-coffee-latte-premix.jpg,Nescafe ,Instant Coffee - Latte Premix,25 gm Sachet,24.25
247878_2-nescafe-cappuccino.jpg,Nescafe ,Cappuccino,100 gm Carton - Rs 121.25,121.25
267381_3-nescafe-classic-coffee.jpg,Nescafe ,Classic Coffee,50 gm Glass Jar - Rs 135.80,135.8
1204499_1-nescafe-coffee-classic.jpg,Nescafe ,Coffee - Classic,2x50 gm Multipack - Rs 252.20,252.2
169884_2-nescafe-coffee-classic.jpg,Nescafe ,Coffee - Classic,500 gm Pouch,921.5
1204572_1-bb-combo-nescafe-coffee-classic-50-gm-pouch-parle-cookies-milano-choco-chip-75-gm.jpg,bb Combo,Nescafe Coffee - Classic 50 Gm Pouch + Parle Cookies -Milano Choco Chip 75 Gm,Combo 2 Items,154.6
40096666_1-nescafe-coffee-classic.jpg,Nescafe ,Coffee - Classic,6 gm ,9.7
298612_1-nescafe-pure-soluble-coffee-gold.jpg,Nescafe ,Pure Soluble Coffee - Gold,200 gm Jar - Rs 785.70,785.7
231187_3-nescafe-classic-coffee.jpg,Nescafe ,Classic Coffee,100 gm Glass Jar - Rs 240.00,240.0
1204568_1-bb-combo-nescafe-coffee-classic-100gm-jar-parle-cookies-hide-seek-caffe-mocha-120gm.jpg,bb Combo,Nescafe Coffee Classic 100Gm Jar + Parle Cookies Hide & Seek (Caffe Mocha) 120Gm,Combo 2 Items,259.2
290185_12-bru-instant-coffee-gold.jpg,Bru ,Instant Coffee - Gold,100 gm  - Rs 220.50,220.5
249580_14-bru-instant-coffee.jpg,Bru ,Instant Coffee,200 gm Tub,334.65
258402_2-nescafe-coffee-choco-mocha.jpg,Nescafe ,Coffee - Choco Mocha,100 gm Carton,121.25
20005895_3-nescafe-sunrise-coffee.jpg,Nescafe ,Sunrise Coffee,50 gm Pouch - Rs 77.60,77.6
40018071_6-nescafe-coffee-classic.jpg,Nescafe ,Coffee - Classic,200 gm  - Rs 426.80,426.8
1204569_1-bb-combo-bru-instant-coffee-200gm-pouch-parle-cookies-hide-seek-caffe-mocha-120gm.jpg,bb Combo,Bru Instant Coffee 200Gm Pouch + Parle Cookies - Hide & Seek (Caffe Mocha) 120Gm,Combo 2 Items,307.2
266579_18-bru-instant-coffee.jpg,Bru ,Instant Coffee,200 gm Pouch - Rs 288.00,288.0
119387_9-horlicks-health-nutrition-drink-classic-malt.jpg,Horlicks,Health & Nutrition Drink - Classic Malt,500 gm Carton - Rs 208.55,208.55
40019371_15-cadbury-bournvita-chocolate-health-drink.jpg,Cadbury,Bournvita - Chocolate Health Drink,750 gm Pouch - Rs 250.00,250.0
1203453_1-bb-combo-bournvita-pro-health-chocolate-drink-500-gm-oreo-vanilla-creme-biscuits-120-gm.jpg,bb Combo,Bournvita Pro-Health Chocolate Drink 500 gm + Oreo Vanilla Creme Biscuits 120 gm,Combo 2 Items,221.16
1203452_1-bournvita-pro-health-chocolate-drink-500-gm-pro-health-chocolate-cookies-120-gm.jpg,Bournvita,Pro-Health Chocolate Drink 500 gm + Pro Health Chocolate Cookies 120 gm,Combo 2 Items,217.03
119376_7-horlicks-health-nutrition-drink-chocolate-flavour.jpg,Horlicks,Health & Nutrition Drink - Chocolate Flavour,500 gm Carton - Rs 193.03,193.03
236635_3-horlicks-health-drink-original.jpg,Horlicks,Health Drink - Original,2 kg Pouch,718.77
269603_6-complan-growth-drink-mix-royale-chocolate-flavour.jpg,Complan,Growth Drink Mix - Royale Chocolate Flavour,1 kg Carton - Rs 460.00,460.0
119396_4-horlicks-health-nutrition-drink-classic-malt.jpg,Horlicks,Health & Nutrition Drink - Classic Malt,200 gm Jar - Rs 92.15,92.15
20005379_4-pediasure-nutritional-powder-complete-balanced-premium-chocolate.jpg,Pediasure,"Nutritional Powder - Complete & Balanced, Premium Chocolate",400 gm Carton - Rs 504.40,504.4
20005336_3-horlicks-lite-health-nutrition-drink-badam-flavour.jpg,Horlicks,Lite Health & Nutrition Drink - Badam Flavour,450 gm Carton,259.96
170752_8-horlicks-lite-health-nutrition-drink-classic-malt.jpg,Horlicks,Lite Health & Nutrition Drink - Classic Malt,450 gm Jar - Rs 269.66,269.66
267384_14-cadbury-bournvita-chocolate-health-drink.jpg,Cadbury,Bournvita - Chocolate Health Drink,200 gm Jar - Rs 101.85,101.85
270963_3-boost-health-drink-malt-based.jpg,Boost,Health Drink - Malt Based,450 gm Jar,216.31
40071514_4-horlicks-health-nutrition-drink-chocolate-flavour.jpg,Horlicks,Health & Nutrition Drink - Chocolate Flavour,750 gm ,255.0
20005339_5-horlicks-health-nutrition-drink-kesar-badam.jpg,Horlicks,Health & Nutrition Drink - Kesar Badam,400 gm ,242.5
119380_13-boost-nutrition-drink-health-energy-sports.jpg,Boost,"Nutrition Drink - Health, Energy & Sports",450 gm Carton,203.7
206981_14-cadbury-bournvita-5-star-magic-chocolate-health-drink.jpg,Cadbury,"Bournvita - 5 Star Magic, Chocolate Health Drink",500 gm Pouch - Rs 187.44,187.44
258421_10-complan-growth-drink-mix-kesar-badam-flavour.jpg,Complan,Growth Drink Mix - Kesar Badam Flavour,500 gm Refill Carton - Rs 285.00,285.0
284783_10-complan-growth-drink-mix-royale-chocolate-flavour.jpg,Complan,Growth Drink Mix - Royale Chocolate Flavour,450 gm Jar,261.9
20005380_4-pediasure-nutritional-powder-complete-balanced-vanilla-delight.jpg,Pediasure,"Nutritional Powder - Complete & Balanced, Vanilla Delight",200 gm Carton - Rs 271.60,271.6
253557_3-himalayan-natural-mineral-water.jpg,Himalayan,Natural Mineral Water,1 L Bottle,57.23
280459_2-himalayan-natural-mineral-water.jpg,Himalayan,Natural Mineral Water,200 ml Bottle,16.49
263819_4-colin-cleaner-glass-and-household-ultra-shine-formula.jpg,Colin,Cleaner - Glass and Household (Ultra Shine Formula),500 ml Bottle - Rs 79.54,79.54
40013412_9-mr-muscle-dranex-drain-cleaner.jpg,Mr. Muscle,Dranex Drain Cleaner,50 gm 4+1 Packs,97.0
100019566_3-kiwi-dranex-drain-cleaner.jpg,Kiwi,Dranex Drain Cleaner,50 gm Pouch - Rs 22.00,22.0
100106766_4-mr-muscle-glass-household-cleaner.jpg,Mr. Muscle,Glass & Household Cleaner,500 ml ,69.84
30009426_2-godwin-k2-glass-cleaner.jpg,Godwin K2,Glass - Cleaner,500 ml Bottle,63.05
40063361_4-senu-glass-cleaner-shiny.jpg,Senu,Glass Cleaner - Shiny,500 ml ,72.75
1200277_3-harpic-toilet-cleaner-original-power-plus.jpg,Harpic,Toilet Cleaner Original - Power Plus,2x1 ltr Multi Pack - Rs 272.38,272.38
1200270_2-harpic-original-1-ltr-bathroom-cleaner-lemon-500-ml.jpg,Harpic,Original 1 ltr + Bathroom Cleaner Lemon 500 ml,Combo 2 Items,217.67
1200198_2-harpic-toilet-cleaner-original-power-plus-1-ltr-bathroom-cleaner-lemon-500-ml.jpg,Harpic,Toilet Cleaner Original Power Plus 1 Ltr + Bathroom Cleaner Lemon 500 ml,Combo 2 Items,217.67
1202614_1-bb-combo-odonil-air-freshener-lavender-50g-ariel-washing-detergent-powder-top-load-2kg.jpg,bb Combo,Odonil Air Freshener Lavender 50g + Ariel Washing Detergent Powder Top Load 2kg,Combo 2 Items,350.79
1201635_4-harpic-bathroom-cleaner-lemon.jpg,Harpic,Bathroom Cleaner - Lemon,2x500 ml Multipack - Rs 146.66,146.66
1200368_4-bb-combo-harpic-toilet-cleaner-power-plus-lizol-floor-cleaner-floral-500-ml.jpg,bb Combo,Harpic Toilet Cleaner - Power Plus + Lizol Floor Cleaner - Floral (500 ML),Combo 2 Items,156.17
1200379_6-harpic-toilet-cleaner-power-plus-rose.jpg,Harpic,Toilet Cleaner Power Plus - Rose,2x1 ltr Multi Pack - Rs 266.76,266.76
30009476_4-odonil-toilet-freshener-block-mix-cp-31.jpg,Odonil ,Toilet Freshener - Block Mix Cp  3+1,50 gm Box,130.95
40006903_10-harpic-disinfectant-toilet-cleaner-orange-power-plus.jpg,Harpic,"Disinfectant Toilet Cleaner - Orange, Power Plus",1 ltr  - Rs 148.20,148.2
1203745_2-bb-combo-harpic-toilet-cleaner-power-plus-rose-1-ltr-vanish-liquid-800ml.jpg,bb Combo,Harpic Toilet Cleaner Power Plus - Rose 1 ltr  + Vanish Liquid 800ml,Combo 2 Item,304.38
40125403_1-pitambari-toilet-cleaner-sanit-all.jpg,Pitambari,Toilet Cleaner - Sanit All,500 ml Pack of 2,110.0
40091754_3-pee-safe-toilet-seat-sanitizer-spray.jpg,Pee Safe,Toilet Seat Sanitizer Spray,75 ml ,174.6
1203753_1-harpic-toilet-cleaner-orange-1-ltr-toilet-cleaner-flushmatic-pine-100-gm.jpg,Harpic,"Toilet Cleaner - Orange 1 ltr +  Toilet Cleaner - Flushmatic, Pine 100 gm",Combo 2 Item,240.08
1203744_1-bb-combo-harpic-toilet-cleaner-rose-1-l-vanish-stain-removal-powder-additive-400-g.jpg,bb Combo,Harpic Toilet Cleaner - Rose 1 L + Vanish Stain Removal Powder - Additive 400 g,Combo 2 Item,313.88
267534_5-sanifresh-toilet-cleaner-ultra-shine.jpg,SANIFRESH,Toilet Cleaner - Ultra Shine,500 ml Pack of 2,135.8
274774_8-harpic-cistern-block-flushmatic-toilet-in-twin-pine.jpg,Harpic,"Cistern Block - Flushmatic, Toilet In, Twin Pine",100 gm  - Rs106.70,106.7
40001183_2-domex-zero-stain-lemon-power-toilet-disinfectant.jpg,Domex,Zero Stain Lemon Power Toilet Disinfectant,750 ml ,126.1
30009475_4-odonil-toilet-air-freshener-rose.jpg,Odonil ,Toilet Air Freshener - Rose,50 gm ,43.65
1201636_6-harpic-toilet-cleaner-flushmatic-aquamarine.jpg,Harpic,"Toilet Cleaner - Flushmatic, Aquamarine",2x100 gm Multipack - Rs 209.52,209.52
30009474_4-odonil-toilet-air-freshener-lavender.jpg,Odonil ,Toilet Air Freshener - Lavender,50 gm  - Rs43.65,43.65
266945_16-surf-excel-easy-wash-detergent-powder.jpg,Surf Excel,Easy Wash Detergent Powder,1.5 kg  - Rs 158.00,158.0
40006995_4-godrej-ezee-detergent-liquid.jpg,Godrej,Ezee  Detergent Liquid,500 gm  - Rs 87.30,87.3
1201967_1-bb-combo-ariel-matic-top-load-2kg-whisper-ultra-night-extra-heavy-flow-xxxl-3pcs.jpg,bb Combo,Ariel Matic Top Load 2kg + Whisper Ultra Night Extra Heavy Flow XXXL 3pcs,Combo 2 Items,382.16
1201862_1-bb-combo-ariel-washing-detergent-powder-matic-front-load-2kgwhisper-ultra-clean-xl-30pcs.jpg,bb Combo,Ariel Washing Detergent Powder Matic Front Load 2kg+Whisper Ultra Clean XL 30pcs,Combo 2 Items,615.73
207172_12-tide-plus-detergent-washing-powder-extra-power-jasmine-rose.jpg,Tide,Plus Detergent Washing Powder - Extra Power Jasmine & Rose,4 kg  - Rs 365.66,365.66
266953_12-surf-excel-quick-wash-detergent-powder.jpg,Surf Excel,Quick Wash Detergent Powder,1 kg  - Rs 164.90,164.9
40097084_5-ariel-detergent-washing-powder-matic-top-load.jpg,Ariel ,Detergent Washing Powder - Matic Top Load,2 kg  - Rs 314.30,314.3
212128_22-surf-excel-matic-top-load-detergent-powder.jpg,Surf Excel,Matic Top Load Detergent Powder,2 kg  - Rs 315.00,315.0
263838_13-tide-plus-detergent-washing-powder-extra-power-lemon-mint.jpg,Tide,Plus Detergent Washing Powder - Extra Power Lemon & Mint,1 kg ,95.06
274109_17-tide-plus-detergent-washing-powder-extra-power-lemon-mint.jpg,Tide,Plus Detergent Washing Powder - Extra Power Lemon & Mint,6 kg  - Rs 542.80,542.8
40097083_4-ariel-detergent-washing-powder-matic-front-load.jpg,Ariel ,Detergent Washing Powder - Matic Front Load,2 kg  - Rs 349.30,349.3
1200204_3-bb-combo-surf-excel-quick-wash-detergent-powder-1-kg-vim-dishwash-bar-lemon-500-gm.jpg,bb Combo,Surf Excel Quick Wash Detergent Powder 1 kg + Vim Dishwash Bar - Lemon 500 gm,Combo 2 Items,206.28
40026913_2-patanjali-detergent-powder-superior.jpg,Patanjali,Detergent Powder - Superior,2 kg  - Rs 128.00,128.0
299469_4-rin-advanced-detergent-powder.jpg,Rin,Advanced  Detergent Powder,500 gm Pouch - Rs 35.89,35.89
228623_22-surf-excel-matic-front-load-detergent-powder.jpg,Surf Excel,Matic Front Load Detergent Powder,2 kg  - Rs 360.00,360.0
40026916_1-patanjali-detergent-powder-popular.jpg,Patanjali,Detergent Powder - Popular,5 kg  - Rs 240.00,240.0
40000153_11-surf-excel-liquid-detergent.jpg,Surf Excel,Liquid Detergent,1 L  - Rs 184.30,184.3
1203895_2-surf-excel-matic-front-load-detergent-powder-2-kg-liquid-matic-front-load-500-ml.jpg,Surf Excel,"Matic Front Load Detergent Powder 2 kg + Liquid Matic, Front Load 500 ml",Combo 2 Item,565.61
40019212_7-tide-naturals-washing-detergent-powder-lemon-chandan.jpg,Tide,Naturals Washing Detergent Powder - Lemon & Chandan,800 gm Pouch - Rs 51.41,51.41
216400_11-ariel-complete-detergent-washing-powder.jpg,Ariel ,Complete Detergent Washing Powder,2 kg Get 1 kg Free,448.2
298258_21-vim-dishwash-gel-lemon.jpg,Vim,Dishwash Gel - Lemon,1.8 lt  - Rs 299.00,299.0
1202453_1-dettol-liquid-hand-wash-original.jpg,Dettol,Liquid Hand Wash - Original,2x900 ml Multipack - Rs 335.24,335.24
1202443_4-lizol-floor-cleaner-floral-2-l-disinfectant-surface-cleaner-pine-2-l.jpg,Lizol,Floor Cleaner - Floral 2 L + Disinfectant Surface Cleaner - Pine 2 L,Combo 2 Items,609.91
100134172_2-pril-dishwash-liquid-lime.jpg,Pril,Dishwash Liquid - Lime,750 ml Bottle - Rs 129.00,129.0
40130636_1-pril-dishwash-kraft.jpg,Pril,Dishwash - Kraft,750 ml ,125.0
40121602_1-sparkle-dishwash-liquid-orange-plus.jpg,Sparkle,Dishwash Liquid - Orange Plus,500 ml ,97.0
40031952_4-pril-dishwash-liquid-active-2x-lime.jpg,Pril,Dishwash Liquid - Active 2X Lime,425 ml  - Rs 93.12,93.12
317036_9-dettol-kitchen-dish-and-slab-gel-lemon-fresh-germ-protection.jpg,Dettol,"Kitchen Dish And Slab Gel - Lemon Fresh, Germ Protection",200 ml  - Rs 69.84,69.84
30009428_2-godwin-k2-dish-wash.jpg,Godwin K2,Dish Wash,500 ml Bottle,72.75
40050710_1-sparkle-dish-wash-tub-lemon.jpg,Sparkle,Dish Wash Tub - Lemon,700 gm ,44.62
40120112_2-giffy-dishwash-gel-green-lime-active-salt.jpg,Giffy,Dishwash Gel - Green Lime & Active Salt,500 ml ,89.1
1200289_1-vim-liquid-250-ml-bar-3x200-gm.jpg,Vim,Liquid 250 ml + Bar 3X200 gm,Combo 2 Items,87.3
1202454_2-dettol-liquid-hand-wash-skin-care.jpg,Dettol,Liquid Hand Wash - Skin Care,2x900 ml Multipack - Rs 364.92,364.92
1200290_1-vim-500-gm-tub-250-ml-yellow-bottle.jpg,Vim,500 gm Tub + 250 ml Yellow Bottle,Combo 2 Items,87.46
1200597_1-vim-dishwash-bar-500-gm-dishwash-gel-lemon-250-ml.jpg,Vim,Dishwash Bar 500 gm + Dishwash Gel - Lemon 250 ml,Combo 2 Items,89.24
266959_8-vim-dishwash-gel-lime.jpg,Vim,Dishwash Gel - Lime,500 ml  - Rs 90.00,90.0
1200196_1-bb-combo-dettol-kitchen-dishslab-gel-lime-splash-750-ml-scotch-brite-sponge-wipe-3-pcs.jpg,bb Combo,Dettol Kitchen Dish&Slab Gel Lime Splash 750 ml + Scotch Brite Sponge Wipe 3 Pcs,Combo 2 Items,346.24
263753_8-lizol-disinfectant-surface-cleaner-citrus.jpg,Lizol,Disinfectant Surface Cleaner - Citrus,975 ml  - Rs 166.84,166.84
1202437_4-lizol-disinfectant-surface-cleaner-citrus-2-l-floor-cleaner-floral-2-l.jpg,Lizol,Disinfectant Surface Cleaner - Citrus 2 L + Floor Cleaner - Floral 2 L,Combo 2 Items,633.99
1200284_1-lizol-disinfectant-surface-cleaner-citrus-975-ml-floor-cleaner-floral-975-ml.jpg,Lizol,Disinfectant Surface Cleaner - Citrus 975 ml + Floor Cleaner - Floral 975 ml,Combo 2 Items,317.0
1202436_4-lizol-lizol-floor-cleaner-citrus-500-ml-lizol-floor-cleaner-floral-500-ml.jpg,Lizol,Lizol Floor Cleaner - Citrus 500 ml + Lizol Floor Cleaner - Floral 500 ml,Combo 2 Items,164.03
1200285_3-lizol-floor-cleaner-floral.jpg,Lizol,Floor Cleaner - Floral,2x975 ml Multi Pack - Rs 300.32,300.32
1202439_3-lizol-floor-cleaner-citrus-500ml-floral-500ml-surface-cleaner-lavender-500ml.jpg,Lizol,Floor Cleaner - Citrus 500ml + Floral 500ml + Surface Cleaner - Lavender 500ml,Combo 3 Items,250.36
1202438_4-lizol-disinfectant-surface-cleaner-citrus-2-l-floor-cleaner-lavender-2-l.jpg,Lizol,Disinfectant Surface Cleaner - Citrus 2 L + Floor Cleaner - Lavender 2 L,Combo 2 Items,609.91
1200282_1-lizol-disinfectant-surface-cleaner-citrus-975-ml-floor-cleaner-lavender-975-ml.jpg,Lizol,Disinfectant Surface Cleaner - Citrus 975 ml + Floor Cleaner - Lavender 975 ml,Combo 2 Items,309.24
30009432_2-eagle-phenyle-black.jpg,Eagle,Phenyle - Black,1 ltr Jar - Rs 135.80,135.8
1200197_1-bb-combo-lizol-floor-cleaner-citrus-975-ml-gala-mop-deck-mop-1-pc.jpg,bb Combo,Lizol Floor Cleaner - Citrus 975 ml + Gala Mop - Deck Mop 1 Pc,Combo 2 Items,289.16
1200281_3-lizol-disinfectant-surface-cleaner-citrus-975-ml-floor-cleaner-pine-975-ml.jpg,Lizol,Disinfectant Surface Cleaner - Citrus 975 ml + Floor Cleaner - Pine 975 ml,Combo 2 Items,309.24
1202442_4-lizol-lizol-floor-cleaner-floral-2-l-lizol-floor-cleaner-lavender-2-l.jpg,Lizol,Lizol Floor Cleaner - Floral 2 L+ Lizol Floor Cleaner - Lavender 2 L,Combo 2 Items,609.91
1202440_4-lizol-lizol-floor-cleaner-floral-975-ml-lizol-floor-cleaner-lavender-975-ml.jpg,Lizol,Lizol Floor Cleaner - Floral 975 ml + Lizol Floor Cleaner - Lavender 975 ml,Combo 2 Items,309.24
281394_6-lizol-disinfectant-surface-cleaner-jasmine.jpg,Lizol,Disinfectant Surface Cleaner - Jasmine,975 ml  - Rs 159.08,159.08
1202441_4-lizol-lizol-floor-cleaner-floral-975-ml-lizol-floor-cleaner-pine-975-ml.jpg,Lizol,Lizol Floor Cleaner - Floral 975 ml + Lizol Floor Cleaner - Pine 975 ml,Combo 2 Items,309.24
40106092_1-bengal-chemical-lamp-brand-pheneol.jpg,Bengal Chemical,Lamp Brand Pheneol,200 ml ,32.98
40106090_1-bengal-chemical-lamp-brand-pheneol.jpg,Bengal Chemical,Lamp Brand Pheneol,5 ltr ,586.85
40106093_1-bengal-chemical-white-tiger-multi-use-cleanser-deodorant.jpg,Bengal Chemical,White Tiger Multi-Use Cleanser & Deodorant,5 ltr ,586.85
40106094_1-bengal-chemical-white-tiger-multi-use-cleanser-deodorant.jpg,Bengal Chemical,White Tiger Multi-Use Cleanser & Deodorant,500 ml ,65.96
267014_6-domex-floor-cleaner.jpg,Domex,Floor Cleaner,500 ml  - Rs 82.45,82.45
40119301_1-golden-prize-canned-sardine-in-tomato-sauce.jpg,Golden Prize,Canned Sardine - in Tomato Sauce,125 gm ,75.05
40037997_1-golden-prize-canned-sardine-in-brine.jpg,Golden Prize,Canned Sardine In Brine,200 gm ,103.55
40037990_1-golden-prize-canned-skipjack-light-meat-tuna-chunk-in-brine.jpg,Golden Prize,Canned Skipjack Light Meat Tuna - Chunk In Brine,185 gm ,160.55
40037992_2-golden-prize-canned-skipjack-light-meat-tuna-chunk-in-olive-oil.jpg,Golden Prize,Canned Skipjack Light Meat Tuna - Chunk In Olive Oil,185 gm ,189.15
40096822_2-golden-prize-canned-tuna-chunks-in-tomato-sauce.jpg,Golden Prize,Canned Tuna Chunks in Tomato Sauce,185 gm ,160.55
40124074_5-golden-prize-tuna-flakes-in-soya-bean-oil.jpg,Golden Prize,Tuna Flakes - in Soya Bean Oil,185 gm ,141.55
40001116_5-sumeru-breaded-fish-fillets.jpg,sumeru,Breaded Fish Fillets,350 gm Carton,280.0
40003222_3-ifb-fresh-catch-butterfly-shrimps.jpg,Ifb,Fresh Catch - Butterfly Shrimps,150 gm (6 pcs) Carton,208.55
40011519_2-ifb-freshcatch-fish-poppers.jpg,Ifb,FreshCatch - Fish Poppers,300 gm Carton,174.6
40001201_10-buffet-medium-prawns-peeled-deveined.jpg,Buffet ,Medium Prawns - Peeled & Deveined,250 gm Pouch,232.8
40001114_1-sumeru-quick-snack-fish-fingers.jpg,sumeru,Quick Snack - Fish Fingers,10 pcs (200 gm) Pouch,195.0
40001209_3-buffet-ready-to-cook-large-prawns-peeled-deveined.jpg,Buffet ,Ready to Cook - Large Prawns (Peeled & Deveined),250 gm Pouch,281.3
40049588_2-ifb-fresh-catch-prawns-jumbo.jpg,Ifb,"Fresh Catch - Prawns, Jumbo",500 gm ,630.5
40119301_1-golden-prize-canned-sardine-in-tomato-sauce.jpg,Golden Prize,Canned Sardine - in Tomato Sauce,125 gm ,75.05
40037997_1-golden-prize-canned-sardine-in-brine.jpg,Golden Prize,Canned Sardine In Brine,200 gm ,103.55
40037990_1-golden-prize-canned-skipjack-light-meat-tuna-chunk-in-brine.jpg,Golden Prize,Canned Skipjack Light Meat Tuna - Chunk In Brine,185 gm ,160.55
40037992_2-golden-prize-canned-skipjack-light-meat-tuna-chunk-in-olive-oil.jpg,Golden Prize,Canned Skipjack Light Meat Tuna - Chunk In Olive Oil,185 gm ,189.15
40096822_2-golden-prize-canned-tuna-chunks-in-tomato-sauce.jpg,Golden Prize,Canned Tuna Chunks in Tomato Sauce,185 gm ,160.55
40124074_5-golden-prize-tuna-flakes-in-soya-bean-oil.jpg,Golden Prize,Tuna Flakes - in Soya Bean Oil,185 gm ,141.55
40005412_2-yummiez-chicken-sausages-cheese-onion.jpg,Yummiez,Chicken Sausages - Cheese & Onion,250 gm Pouch,145.5
40049602_1-venkys-chicken-breakfast-sausages.jpg,Venkys,Chicken - Breakfast Sausages,500 gm ,184.3
40049532_2-meatzza-chicken-salami-masala-slice.jpg,Meatzza,Chicken - Salami Masala Slice,250 gm ,126.1
40055093_2-godrej-yummiez-chicken-plain-sausages.jpg,Godrej Yummiez,Chicken - Plain Sausages,250 gm ,121.25
800306329_2-venkys-chicken-cocktail-sausages.jpg,Venkys,Chicken - Cocktail Sausages,500 gm ,271.6
40093313_4-venkys-chicken-sausages.jpg,Venkys,Chicken - Sausages,500 gm ,261.9
40049600_1-venkys-chicken-cheese-and-onion-sausages.jpg,Venkys,Chicken - Cheese And Onion Sausages,500 gm ,266.75
40055092_2-godrej-yummiez-chicken-plain-salami.jpg,Godrej Yummiez,Chicken - Plain Salami,250 gm ,116.4
40055090_2-godrej-yummiez-chicken-pepper-sausages.jpg,Godrej Yummiez,Chicken - Pepper Sausages,250 gm ,130.95
20000425_4-bb-popular-toorarhar-dal.jpg,bb Popular,Toor/Arhar Dal,2 kg Pouch - Rs 176.00,176.0
40044731_4-bb-popular-moong-dal.jpg,bb Popular,Moong Dal,2 kg Pouch - Rs 190.00,190.0
40042839_1-bb-popular-channa-dal.jpg,bb Popular,Channa Dal,2 kg Pouch - Rs 147.00,147.0
10000804_6-bb-royal-toor-dalarhar-dal-desi.jpg,bb Royal,Toor Dal/Arhar Dal - Desi,2 kg Pouch - Rs 195.00,195.0
70001282_2-bb-royal-channa-brown.jpg,bb Royal,Channa - Brown,1 kg Pouch - Rs 79.00,79.0
40072468_6-bb-royal-organic-chana-dalchanna.jpg,bb Royal,Organic - Chana Dal/Channa,1 kg  - Rs 101.00,101.0
40053931_2-bb-royal-moong-dal.jpg,bb Royal,Moong Dal,2 kg  - Rs 195.00,195.0
40003555_3-bb-popular-channa-kabuli.jpg,bb Popular,Channa - Kabuli,200 gm Pouch - Rs 24.00,24.0
1203902_1-bb-royal-moong-green-whole-500-gm-urad-dal-split-500-gm-channa-brown-500-gm.jpg,bb Royal,"Moong - Green, Whole 500 gm + Urad Dal - Split 500 gm + Channa Brown 500 gm",Combo 3 Item,151.0
40042838_3-bb-royal-channa-dal.jpg,bb Royal,Channa Dal,2 kg Pouch - Rs 155.00,155.0
20000437_5-bb-royal-green-moong-wholesabut.jpg,bb Royal,Green Moong Whole/Sabut,1 kg Pouch - Rs 95.00,95.0
40000291_4-tata-sampann-toor-dal.jpg,Tata Sampann,Toor Dal,1 kg ,79.0
10000801_6-bb-royal-channa-kabuli.jpg,bb Royal,Channa - Kabuli,200 gm Pouch - Rs 26.00,26.0
40109378_3-bb-royal-organic-moong-dal.jpg,bb Royal,Organic - Moong Dal,2 kg  - Rs 225.00,225.0
40075469_3-bb-royal-organic-turtoor-dal.jpg,bb Royal,Organic - Tur/Toor Dal,2 kg  - Rs 199.00,199.0
20000543_3-bb-royal-channa-brown-small.jpg,bb Royal,Channa Brown (Small),500 gm Pouch,44.0
10000418_8-bb-royal-moong-green-splitchilka.jpg,bb Royal,"Moong - Green, Split/Chilka",500 gm Pouch,65.0
40072471_6-bb-royal-organic-green-moong-whole.jpg,bb Royal,Organic - Green Moong Whole,1 kg  - Rs 110.00,110.0
40097505_1-bb-royal-channa-brown-small.jpg,bb Royal,Channa - Brown Small,1 kg ,86.0
20005213_2-tata-sampann-moong-whole.jpg,Tata Sampann,Moong Whole,500 gm ,59.0
404219_1-patanjali-kachi-ghani-mustard-oil.jpg,Patanjali,Kachi Ghani Mustard Oil,1 Ltr Pouch,120.0
40041183_3-del-monte-olive-oil-extra-virgin.jpg,Del Monte,Olive Oil - Extra Virgin,500 ml  - Rs 437.00,437.0
30003360_4-dhara-oil-mustard-kachi-ghani.jpg,Dhara ,Oil - Mustard (Kachi Ghani),1 ltr Pouch - Rs99.00,99.0
1200635_2-dhara-dhara-mustard-oil-1l-x-3-india-gate-basmati-rice-5kg-bb-royal-sugar-5kg.jpg,Dhara ,Dhara Mustard Oil 1L x 3 + India Gate Basmati Rice 5kg + bb Royal Sugar 5kg,Combo 3 Items,1014.45
40059444_1-engine-kacchi-ghani-mustard-oil.jpg,Engine,Kacchi Ghani Mustard Oil,1 ltr Pouch - Rs 121.00,121.0
30002397_1-patanjali-mustard-oil.jpg,Patanjali,Mustard Oil,1 ltr Bottle,125.0
40051743_1-fortune-mustard-oil-kachi-ghani.jpg,Fortune ,Mustard Oil Kachi Ghani,5 ltr  - Rs 549.00,549.0
276762_4-fortune-refined-oil-soya-bean.jpg,Fortune ,Refined Oil - Soya Bean,5 ltr Can - Rs 484.00,484.0
100647221_4-fortune-refined-oil-rice-bran.jpg,Fortune ,Refined Oil - Rice Bran,1 ltr Pouch,119.0
40077791_1-dhara-oil-mustard.jpg,Dhara ,Oil - Mustard,1 ltr ,109.0
40009511_5-patanjali-cow-ghee.jpg,Patanjali,Cow Ghee,500 ml Carton,260.0
276764_3-fortune-mustard-oil-kachi-ghani.jpg,Fortune ,Mustard Oil - (Kachi Ghani),500 ml Bottle - Rs 57.00,57.0
30002407_5-patanjali-desi-ghee.jpg,Patanjali,Desi Ghee,1 ltr Carton,500.0
40007923_1-emami-healthy-tasty-kachchi-ghani-mustard-oil.jpg,Emami,Healthy & Tasty - Kachchi Ghani Mustard Oil,1 ltr Pouch,115.0
100005318_5-dhara-oil-mustard-kachi-ghani.jpg,Dhara ,Oil - Mustard (Kachi Ghani),5 ltr Can,534.0
40112227_11-fresho-organic-cow-ghee.jpg,Fresho Organic,Cow Ghee,150 ml  - Rs125.00,125.0
40112228_8-fresho-organic-cow-ghee.jpg,Fresho Organic,Cow Ghee,500 ml  - Rs299.00,299.0
40112229_8-fresho-organic-cow-ghee.jpg,Fresho Organic,Cow Ghee,1 ltr ,569.0
40050541_1-amul-ghee.jpg,Amul,Ghee,500 ml Pouch - Rs 209.00,209.0
298198_3-dhara-refined-oil-rice-bran-natural-oryzanol-vitamin-e.jpg,Dhara ,Refined Oil - Rice Bran (Natural Oryzanol & Vitamin E),1 ltr Pouch,115.0
126906_6-aashirvaad-atta-whole-wheat.jpg,Aashirvaad,Atta - Whole Wheat,10 kg Pouch - Rs 305.00,305.0
1203566_2-bb-combo-aashirvaad-atta-whole-wheat-5-kg-bb-royal-honey-500-gm.jpg,bb Combo,Aashirvaad Atta - Whole Wheat 5 kg + BB Royal Honey 500 gm,Combo 2 Items,314.0
40026890_2-patanjali-whole-wheat-atta.jpg,Patanjali,Whole Wheat Atta,5 kg  - Rs 170.00,170.0
284422_5-aashirvaad-atta-multigrains.jpg,Aashirvaad,Atta - Multigrains,1 kg Pouch - Rs 57.00,57.0
270242_3-aashirvaad-atta-select.jpg,Aashirvaad,Atta - Select,1 kg Pouch - Rs 53.00,53.0
1203570_2-bb-combo-aashirvaad-atta-select-5-kg-bb-royal-honey-500-gm.jpg,bb Combo,Aashirvaad Atta - Select 5 kg + BB Royal Honey 500 gm,Combo 2 Items,408.0
1203712_1-bb-royal-whole-wheat-atta-1-kg-moong-dal-500-gm-pouch.jpg,bb Royal,Whole Wheat Atta 1 Kg + Moong Dal 500 gm Pouch,Combo 2 Items,84.0
1203711_1-bb-royal-whole-wheat-atta.jpg,bb Royal,Whole Wheat Atta,2x1 kg Multipack - Rs 68.00,68.0
40132195_1-patanjali-chakki-atta-whole-wheat-traditional-with-bran.jpg,Patanjali,"Chakki Atta - Whole Wheat, Traditional, With Bran",10 kg  - Rs 330.00,330.0
40079749_8-bb-royal-organic-whole-wheat-atta.jpg,bb Royal,Organic - Whole Wheat Atta,1 kg  - Rs 49.00,49.0
1205132_1-bb-combo-aashirvaad-atta-multigrains-5kg-india-gate-brown-rice-weight-watcher-jar-1kg.jpg,bb Combo,Aashirvaad Atta - Multigrains 5kg + India Gate Brown Rice Weight Watcher Jar 1kg,Combo 2 items,410.95
40077103_1-aashirvaad-atta-sugar-release-control.jpg,Aashirvaad,Atta - Sugar Release Control,5 kg  - Rs 270.00,270.0
1204957_1-bb-royal-whole-wheat-atta-5kg-rice-basmati-everyday-5kg.jpg,bb Royal,"Whole Wheat Atta 5kg + Rice - Basmati, Everyday 5kg",Combo 2 Items,454.0
1203565_2-bb-combo-aashirvaad-atta-whole-wheat-10-kg-bb-royal-honey-1-kg.jpg,bb Combo,Aashirvaad Atta - Whole Wheat 10 kg + BB Royal Honey 1 kg,Combo 2 Items,504.0
40000094_5-nature-fresh-atta-chakki-fresh.jpg,Nature Fresh,Atta - Chakki Fresh,5 kg Bag - Rs 159.00,159.0
1203706_1-bb-combo-bb-royal-atta-5kg-fortune-sunflower-refined-oil-910-gm-bb-royal-toor-dal-1kg.jpg,bb Combo,Bb Royal Atta 5Kg + Fortune Sunflower Refined Oil 910 gm + Bb Royal Toor Dal 1Kg,Combo 3 Items,367.0
1203568_2-bb-combo-aashirvaad-atta-multigrains-5-kg-bb-royal-honey-1-kg.jpg,bb Combo,Aashirvaad Atta - Multigrains 5 kg + BB Royal Honey 1 kg,Combo 2 Items,479.0
40127918_1-patanjali-chakki-atta-whole-wheat-sarvgun-sampann.jpg,Patanjali,"Chakki Atta - Whole Wheat, Sarvgun Sampann",10 kg  - Rs 320.00,320.0
20005217_4-daawat-devaaya-mp-wheat-atta.jpg,Daawat ,Devaaya Mp - Wheat Atta,5 kg ,155.0
1204956_1-bb-royal-whole-wheat-atta-10kg-rice-basmati-everyday-5kg.jpg,bb Royal,"Whole Wheat Atta 10kg + Rice - Basmati, Everyday 5kg",Combo 2 Items,593.0
40072465_6-bb-royal-organic-brown-chanachanna.jpg,bb Royal,Organic - Brown Chana/Channa,500 gm  - Rs 50.00,50.0
1203571_2-bb-combo-bb-royal-organic-brown-chanachanna-500-gm-fresho-organic-cow-ghee-150-ml.jpg,bb Combo,BB Royal Organic - Brown Chana/Channa 500 gm + Fresho Organic Cow Ghee 150 ml,Combo 2 Items,175.0
40072468_6-bb-royal-organic-chana-dalchanna.jpg,bb Royal,Organic - Chana Dal/Channa,1 kg  - Rs 101.00,101.0
1203573_2-bb-combo-bb-royal-organic-chana-dalchanna-500-gm-fresho-organic-cow-ghee-150-ml.jpg,bb Combo,BB Royal Organic - Chana Dal/Channa 500 gm + Fresho Organic Cow Ghee 150 ml,Combo 2 Items,177.0
40091135_3-bb-royal-organic-brown-sugar.jpg,bb Royal,Organic - Brown Sugar,2 kg  - Rs 160.00,160.0
1203575_2-bb-combo-bb-royal-organic-brown-sugar-1-kg-fresho-organic-cow-ghee-150-ml.jpg,bb Combo,BB Royal Organic - Brown Sugar 1 kg + Fresho Organic Cow Ghee 150 ml,Combo 2 Items,208.0
40072482_7-bb-royal-organic-powder-jaggery.jpg,bb Royal,Organic - Powder Jaggery,500 gm  - Rs 46.00,46.0
40112227_11-fresho-organic-cow-ghee.jpg,Fresho Organic,Cow Ghee,150 ml  - Rs125.00,125.0
40112228_8-fresho-organic-cow-ghee.jpg,Fresho Organic,Cow Ghee,500 ml  - Rs299.00,299.0
40112229_8-fresho-organic-cow-ghee.jpg,Fresho Organic,Cow Ghee,1 ltr ,569.0
40072492_7-bb-royal-organic-sugar.jpg,bb Royal,Organic - Sugar,1 kg  - Rs 81.00,81.0
40114160_2-bb-royal-organic-ajwain.jpg,bb Royal,Organic - Ajwain,50 gm ,19.0
40094688_2-bb-royal-organic-amla-powder.jpg,bb Royal,Organic - Amla Powder,100 gm ,35.0
40088187_3-bb-royal-organic-cashew-split.jpg,bb Royal,Organic - Cashew Split,100 gm ,135.0
40092919_3-bb-royal-organic-cashewkaju-whole-bold.jpg,bb Royal,Organic - Cashew/Kaju Whole (Bold),200 gm  - Rs 299.00,299.0
40092211_2-bb-royal-organic-misri-wholesugar-candy.jpg,bb Royal,Organic - Misri Whole/Sugar Candy,100 gm ,16.0
40109378_3-bb-royal-organic-moong-dal.jpg,bb Royal,Organic - Moong Dal,2 kg  - Rs 225.00,225.0
40100576_10-bb-royal-organic-moth-dal.jpg,bb Royal,Organic - Moth dal,500 gm ,55.0
40088188_3-bb-royal-organic-mustardrai-big.jpg,bb Royal,Organic - Mustard/Rai Big,100 gm ,15.0
40088535_4-bb-royal-organic-nutmegjayaphal.jpg,bb Royal,Organic - Nutmeg/Jayaphal,20 gm ,30.0
40112227_11-fresho-organic-cow-ghee.jpg,Fresho Organic,Cow Ghee,150 ml  - Rs125.00,125.0
40112228_8-fresho-organic-cow-ghee.jpg,Fresho Organic,Cow Ghee,500 ml  - Rs299.00,299.0
40112229_8-fresho-organic-cow-ghee.jpg,Fresho Organic,Cow Ghee,1 ltr ,569.0
40091135_3-bb-royal-organic-brown-sugar.jpg,bb Royal,Organic - Brown Sugar,2 kg  - Rs 160.00,160.0
1203575_2-bb-combo-bb-royal-organic-brown-sugar-1-kg-fresho-organic-cow-ghee-150-ml.jpg,bb Combo,BB Royal Organic - Brown Sugar 1 kg + Fresho Organic Cow Ghee 150 ml,Combo 2 Items,208.0
40072482_7-bb-royal-organic-powder-jaggery.jpg,bb Royal,Organic - Powder Jaggery,500 gm  - Rs 46.00,46.0
40072492_7-bb-royal-organic-sugar.jpg,bb Royal,Organic - Sugar,1 kg  - Rs 81.00,81.0
40092211_2-bb-royal-organic-misri-wholesugar-candy.jpg,bb Royal,Organic - Misri Whole/Sugar Candy,100 gm ,16.0
40082788_1-bb-royal-powder-natural-rocksalt.jpg,bb Royal,Powder - Natural Rocksalt,500 gm ,28.0
279807_4-24-mantra-natural-sugar-sulphurless.jpg,24 Mantra,Natural Sugar - Sulphurless,500 gm Pouch,55.0
40072473_6-bb-royal-organic-jaggery.jpg,bb Royal,Organic - Jaggery,400 gm  - Rs42.00,42.0
1203572_2-bb-combo-bb-royal-organic-jaggery-400-gm-fresho-organic-cow-ghee-150-ml.jpg,bb Combo,BB Royal Organic - Jaggery 400 gm + Fresho Organic Cow Ghee 150 ml,Combo 2 Items,167.0
10000447_13-bb-royal-sugar.jpg,bb Royal,Sugar,1 kg  - Rs 47.00,47.0
30005417_2-bb-popular-sugar.jpg,bb Popular,Sugar,5 kg  - Rs 215.00,215.0
241600_2-tata-salt-salt-iodized.jpg,Tata Salt,Salt - Iodized,1 kg Pouch,18.0
1203569_2-bb-combo-bb-popular-sugar-5-kg-bb-royal-honey-500-gm.jpg,bb Combo,BB Popular Sugar 5 kg + BB Royal Honey 500 gm,Combo 2 Items,364.0
241601_2-tata-salt-lite.jpg,Tata ,Salt - Lite,1 kg Pouch,31.0
40026891_2-patanjali-namak.jpg,Patanjali,Namak,1 kg ,12.0
40091135_3-bb-royal-organic-brown-sugar.jpg,bb Royal,Organic - Brown Sugar,2 kg  - Rs 160.00,160.0
40072482_7-bb-royal-organic-powder-jaggery.jpg,bb Royal,Organic - Powder Jaggery,500 gm  - Rs 46.00,46.0
236834_7-aashirvaad-salt-iodised.jpg,Aashirvaad,Salt - Iodised,1 kg Pouch,17.0
40072492_7-bb-royal-organic-sugar.jpg,bb Royal,Organic - Sugar,1 kg  - Rs 81.00,81.0
40108468_2-sugarfree-green-stevia.jpg,Sugarfree ,Green (Stevia),100 Pellets ,91.0
40108469_2-sugarfree-green-stevia-jar.jpg,Sugarfree ,Green (Stevia) Jar,100 gm ,189.15
40108478_2-sugarfree-natura-pack.jpg,Sugarfree ,Natura Pack,50 Sachet ,77.0
40092211_2-bb-royal-organic-misri-wholesugar-candy.jpg,bb Royal,Organic - Misri Whole/Sugar Candy,100 gm ,16.0
40140650_2-sugarlite-smart-sugar.jpg,Sugarlite,Smart Sugar,500 gm ,99.0
20000570_6-bb-royal-misri-sugar-diamond.jpg,bb Royal,Misri / Sugar Diamond,200 gm ,25.0
40068246_1-bb-popular-salt-saindhav.jpg,bb Popular,Salt Saindhav,100 gm ,9.0
40082788_1-bb-royal-powder-natural-rocksalt.jpg,bb Royal,Powder - Natural Rocksalt,500 gm ,28.0
40026886_2-patanjali-madhuram-jaggery-powder.jpg,Patanjali,Madhuram Jaggery Powder,1 kg ,60.0
30006773_4-catch-sprinkler-black-salt.jpg,Catch,Sprinkler - Black Salt,200 gm ,33.0
30001012_12-fresho-sweet-corn-pellets.jpg,Fresho,Sweet Corn - Pellets,200 gm ,35.0
10000017_20-fresho-baby-corn-peeled.jpg,Fresho,Baby Corn - Peeled,250 gm ,55.0
40005817_3-fresho-green-peas-peeled.jpg,Fresho,Green Peas - Peeled,200 gm ,65.0
40010687_4-fresho-garlic-peeled.jpg,Fresho,Garlic - Peeled,100 gm  - Rs 16.00,16.0
40057966_2-fresho-tender-coconut-medium.jpg,Fresho,Tender Coconut - Medium,1 pc ,49.0
40005834_4-fresho-red-onion-skinned-peeled.jpg,Fresho,Red Onion Skinned - Peeled,1 kg ,39.0
30001964_3-fresho-garlic-peeled.jpg,Fresho,Garlic - Peeled,1 kg ,150.0
30000602_14-fresho-tender-coconut.jpg,Fresho,Tender - Coconut/Nariyal Pani,1 pc ,40.0
1202738_1-bb-combo-pumpkin-soup.jpg,bb Combo,Pumpkin Soup,Combo 3 Items,65.0
10000067_23-fresho-capsicum-green.jpg,Fresho,Capsicum Hybrid Green/Simla Mirch,1 kg  - Rs 65.00,65.0
10000102_17-fresho-cucumber.jpg,Fresho,Cucumber/Khira,1 kg  - Rs 35.00,35.0
10000209_14-fresho-capsicum-yellow.jpg,Fresho,Capsicum - Yellow,250 gm  - Rs 135.00,135.0
1201616_2-fresho-capsicum-red-yellow-250-gm-each.jpg,Fresho,Capsicum Red & Yellow 250 gm Each,Combo 2 Items,270.0
10000319_18-fresho-capsicum-red.jpg,Fresho,Capsicum - Red/Simla Mirch - Lal,1 kg  - Rs 399.00,399.0
10000090_17-fresho-coccinia.jpg,Fresho,Coccinia,250 gm  - Rs 6.00,6.0
10000365_10-fresho-parwal.jpg,Fresho,Parwal/Parora/Patal,1 kg  - Rs 35.00,35.0
1202153_1-fresho-cucumber-carrot-beetroot-500g-each-salad.jpg,Fresho,"Cucumber, Carrot & Beetroot 500g Each Salad",Combo 3 Items,103.0
10000668_12-fresho-cucumber-english.jpg,Fresho,English Cucumber/Chota Khira,1 kg  - Rs 143.00,143.0
40094199_2-mentos-chewy-dragree-cola-flavour.jpg,Mentos,Chewy Dragree - Cola Flavour,14 pcs ,14.55
40094197_2-mentos-chewy-dragree-mint-flavour.jpg,Mentos,Chewy Dragree - Mint Flavour,14 pcs ,15.0
40061481_4-on1y-chilli-flakes.jpg,On1y,Chilli Flakes,34 gm ,76.63
800223042_2-on1y-grinder-all-purpose-seasoning.jpg,On1y,Grinder - All Purpose Seasoning,40 gm ,134.83
40008846_2-on1y-grinder-fruit-seasoning.jpg,On1y,Grinder - Fruit Seasoning,60 gm Bottle,134.83
40007102_3-on1y-grinder-italian-seasoning.jpg,On1y,Grinder - Italian Seasoning,40 gm Bottle,134.83
40007103_3-on1y-grinder-salad-seasoning.jpg,On1y,Grinder - Salad Seasoning,45 gm Bottle,125.13
40007099_2-on1y-grinder-soup-seasoning.jpg,On1y,Grinder - Soup Seasoning,45 gm Bottle,134.83
40061479_3-on1y-oregano.jpg,On1y,Oregano,10 gm ,76.63
40061482_3-on1y-sage.jpg,On1y,Sage,20 gm ,96.03
1202863_1-bb-combo-europaea-cow-milk-35-fat-1-ltr-red-label-tea-500-gm.jpg,bb Combo,Europaea Cow Milk - 3.5% Fat 1 ltr + Red Label Tea 500 gm,Combo 2 Items,301.67
40098347_3-europaea-cow-milk-35-fat.jpg,Europaea,Cow Milk - 3.5% Fat,1 ltr  - Rs122.22,122.22
275689_1-soyfresh-soya-milk.jpg,Soyfresh,Soya Milk,250 ml Carton - Rs 58.20,58.2
30010183_2-johns-mozzarella-pizza.jpg,John's,Mozzarella - Pizza,200 gm Pouch,179.45
30010183_2-johns-mozzarella-pizza.jpg,John's,Mozzarella - Pizza,200 gm Pouch,179.45
40044839_2-bragg-organic-apple-cider-vinegar.jpg,Bragg,Organic - Apple Cider Vinegar,473 ml ,620.8
40114032_2-borges-organic-unfiltered-apple-cider-vinegar-with-the-mother.jpg,BORGES,Organic Unfiltered Apple Cider Vinegar with the Mother,355 ml ,320.0
40009637_2-heinz-vinegar-apple-cider.jpg,Heinz,Vinegar - Apple Cider,473 ml Bottle,186.75
205988_3-american-garden-vinegar-apple-cider.jpg,American Garden ,Vinegar - Apple Cider,473 ml Bottle,140.0
40107625_3-neo-foods-vinegar-balsamic.jpg,Neo foods ,Vinegar - Balsamic,370 ml ,225.25
40086149_3-adira-apple-cider-vinegar-raw-unfiltered-unpasteurized-with-extra-mother.jpg,ADIRA,Apple Cider Vinegar - Raw Unfiltered & Unpasteurized with EXTRA Mother,500 ml ,290.03
40092964_1-zoe-apple-cider-vinegar-raw-unfiltered-unpasteurized-with-cinamon-honey.jpg,Zoe,Apple Cider Vinegar - Raw Unfiltered Unpasteurized with Cinamon & Honey,500 ml ,484.03
40092963_1-zoe-apple-cider-vinegar-raw-unfiltered-unpasteurized-with-ginger-garlic-lemon-honey.jpg,Zoe,"Apple Cider Vinegar - Raw Unfiltered Unpasteurized with Ginger, Garlic, Lemon & Honey",500 ml ,484.03
40092965_1-zoe-apple-cider-vinegar-raw-unfiltered-unpasteurized-with-ginger-garlic-lemon-fenugreek-honey.jpg,Zoe,"Apple Cider Vinegar - Raw Unfiltered Unpasteurized with Ginger, Garlic, Lemon, Fenugreek & Honey",500 ml ,484.03
40102781_9-adira-prime-organic-apple-cider-vinegar-raw-unfiltered-with-extra-mother.jpg,ADIRA,Prime Organic Apple Cider Vinegar - Raw Unfiltered with EXTRA Mother,473 ml ,484.03
800188166_2-habit-apple-cider-vinegar.jpg,Habit,Apple cider vinegar,473 ml ,99.0
40109164_1-cornitos-nacho-crisps-cheesy-sour-cream-onion.jpg,Cornitos,Nacho Crisps - Cheesy Sour Cream & Onion,60 gm ,33.95
1200716_2-cornitos-nacho-crisps-barbeque.jpg,Cornitos,Nacho Crisps - Barbeque,2x60 gm Multipack - Rs 65.86,65.86
1200698_2-cornitos-nacho-crisps-cheese-herbs.jpg,Cornitos,Nacho Crisps - Cheese & Herbs,2x60 gm Multipack - Rs 65.86,65.86
1200737_1-cornitos-nacho-crisps-cheese-and-herbs.jpg,Cornitos,Nacho Crisps - Cheese And Herbs,2x150 gm Multipack - Rs 159.96,159.96
1200695_2-cornitos-nacho-crisps-lime-n-mint.jpg,Cornitos,Nacho Crisps - Lime N Mint,2x60 gm Multipack - Rs 65.86,65.86
1200728_1-cornitos-nacho-crisps-peri-peri.jpg,Cornitos,Nacho Crisps - Peri Peri,2x60 gm Multipack - Rs 65.86,65.86
30007079_1-cornitos-nacho-crisps-premio-thal-sweet-chilli.jpg,Cornitos,Nacho Crisps - Premio Thal Sweet Chilli,60 gm ,33.95
1200746_1-cornitos-nacho-crisps-tikka-masala.jpg,Cornitos,Nacho Crisps - Tikka Masala,2x60 gm Multipack - Rs 65.86,65.86
1200707_2-cornitos-nacho-crisps-tomato-mexicana.jpg,Cornitos,Nacho Crisps - Tomato Mexicana,2x60 gm Multipack - Rs 65.86,65.86
1205158_1-pringles-potato-crisps-south-african-style-peri-peri-flavour.jpg,Pringles,Potato Crisps - South African Style Peri Peri Flavour,2x110 gm Multipack - Rs 198.00,198.0
1205159_1-pringles-potato-crisps-spanish-style-jalapeno-cheese-flavour.jpg,Pringles,Potato Crisps - Spanish Style Jalapeno Cheese Flavour,2x110 gm Multipack - Rs 198.00,198.0
1201419_1-lays-classic-salted-95g-spanish-tomato-tango-95g-american-style-cream-onion-95g.jpg,Lays,Classic Salted 95G + Spanish Tomato Tango 95G + American Style Cream & Onion 95G,Combo 3 Items,86.91
1200734_1-cornitos-exotic-flavor-nachos-salsa-combo.jpg,Cornitos,Exotic Flavor Nachos & Salsa Combo,2x140 gm Multipack,126.1
1200701_2-cornitos-nacho-crisps-sea-salt.jpg,Cornitos,Nacho Crisps - Sea Salt,2x150 gm Multipack,164.9
1200704_2-cornitos-nacho-crisps-thai-sweet-chili.jpg,Cornitos,Nacho Crisps - Thai Sweet Chili,2x150 gm Multipack,164.9
1200710_2-cornitos-nacho-crisps-wasabi.jpg,Cornitos,Nacho Crisps - Wasabi,2x150 gm Multipack,164.9
40029212_3-hawkins-contura-mustard-yellow.jpg,Hawkins,Contura - Mustard Yellow,3 ltr ,1799.0
40029210_2-hawkins-contura-tomato-red.jpg,Hawkins,Contura - Tomato Red,3 ltr ,1799.0
40013988_1-hawkins-miss-mary-pressure-cooker.jpg,Hawkins,Miss Mary - Pressure Cooker,5.5 ltr  - Rs 1199.00,1199.0
40104389_1-prestige-nakshatra-plus-straight-wall-cooker.jpg,Prestige,Nakshatra Plus Straight Wall  Cooker,5 ltr ,2010.0
40112161_2-srushti-gold-outer-lid-aluminum-pressure-cooker-3-ltr-2-ltr-combo.jpg,Srushti Gold,Outer Lid Aluminum Pressure Cooker 3 ltr & 2 ltr Combo,2 pcs ,629.0
40013972_1-hawkins-pressure-cooker-stainless-steel.jpg,Hawkins,Pressure Cooker - Stainless Steel,3 ltr  - Rs 2399.00,2399.0
40112180_1-sun-kwik-inner-lid-pressure-cooker-mirror-finish.jpg,Sun-Kwik,Inner Lid Pressure Cooker - Mirror Finish,3 ltr ,785.0
40112179_1-sun-kwik-inner-lid-pressure-cooker-mirror-finish.jpg,Sun-Kwik,Inner Lid Pressure Cooker - Mirror Finish,2 ltr ,695.0
40112181_1-sun-kwik-inner-lid-pressure-cooker-mirror-finish.jpg,Sun-Kwik,Inner Lid Pressure Cooker - Mirror Finish,5 ltr ,975.0
40008568_1-prestige-popular-aluminium-pressure-cooker.jpg,Prestige,Popular Aluminium - Pressure Cooker,2 ltr  - Rs 899.00,899.0
40013926_1-hawkins-pressure-cooker-classic.jpg,Hawkins,Pressure Cooker - Classic,1.5 ltr  - Rs 875.00,875.0
40013947_1-hawkins-contura-pressure-cooker.jpg,Hawkins,Contura - Pressure Cooker,1.5 ltr ,890.0
40013956_1-hawkins-contura-pressure-cooker-hard-anodised.jpg,Hawkins,Contura - Pressure Cooker (Hard Anodised),3 ltr ,1649.0
40136123_2-bp-bharat-bone-china-coffeemilk-mug-carpet-series-red-black-stripe.jpg,BP Bharat,"Bone China Coffee/Milk Mug - Carpet Series, Red & Black Stripe",310 ml ,79.0
40136145_1-claycraft-bone-china-coffeemilk-mug-set-liza-white-printed-mw-05.jpg,Claycraft,"Bone China Coffee/Milk Mug Set - Liza White Printed, MW-05",300 ml Pack of 6,399.0
40136148_1-claycraft-bone-china-coffeemilk-mug-set-orange-printed-cm-peter-mw-j050.jpg,Claycraft,"Bone China Coffee/Milk Mug Set - Orange Printed, CM-Peter-MW-J050",300 ml Pack of 6,399.0
40136133_3-bp-bharat-bone-china-magic-series-coffee-mug-set-orange-printed.jpg,BP Bharat,Bone China Magic Series Coffee Mug Set - Orange Printed,160 ml Pack of 6,229.0
40136130_3-bp-bharat-bone-china-microwave-series-small-mug-set-blue-green-flower.jpg,BP Bharat,Bone China Microwave Series Small Mug Set - Blue & Green Flower,115 ml Pack of 6,199.0
40136125_3-bp-bharat-bone-china-microwave-series-small-mug-set-diamond.jpg,BP Bharat,Bone China Microwave Series Small Mug Set - Diamond,115 ml Pack of 6,199.0
40136124_3-bp-bharat-bone-china-microwave-series-small-mug-set-kite.jpg,BP Bharat,Bone China Microwave Series Small Mug Set - Kite,115 ml Pack of 6,199.0
40136195_2-iveo-glass-coffee-cup-saucer-set-pride-blue.jpg,Iveo ,"Glass Coffee Cup & Saucer Set - Pride, Blue",12 pcs ,509.0
40136183_2-iveo-glass-coffee-mug-blue.jpg,Iveo ,Glass Coffee Mug - Blue,285 ml ,89.0
40080364_4-lyra-coffee-mug-icon.jpg,Lyra,Coffee Mug - Icon,245 ml Pack of 6,339.0
40130936_1-claycraft-coffee-mug-yellow-blue-leaf-print.jpg,Claycraft,"Coffee Mug - Yellow & Blue, Leaf Print",180 ml ,398.0
40136170_2-hi-luxe-crystal-juice-glasses.jpg,Hi-Luxe,Crystal Juice Glasses,6 pcs ,199.0
40136260_4-roxx-dubai-whiskyglasstumbler-set.jpg,Roxx,Dubai Whisky/Glass/Tumbler Set,320 ml ,155.0
40136191_2-iveo-glass-coffee-cup-fame-blue.jpg,Iveo ,Glass Coffee Cup - Fame Blue,6 pcs ,309.0
40136184_2-iveo-glass-coffee-mug-black.jpg,Iveo ,Glass Coffee Mug - Black,285 ml ,169.0
40136185_2-iveo-glass-glow-mug-set-purple.jpg,Iveo ,Glass Glow Mug Set - Purple,2 pcs ,109.0
40130282_2-soogo-glass-set-whiskey-camilo.jpg,Soogo,"Glass Set - Whiskey, Camilo",310 ml Pack of 6,445.0
40136174_3-hongli-glass-set-with-ice-bucket.jpg,HONGLI,Glass Set With Ice Bucket,7 pcs ,629.0
40136151_3-fng-glass-tumbler-caesar-tall.jpg,Fng,"Glass Tumbler - Caesar, Tall",4 pcs ,139.0
40136152_3-fng-glass-tumbler-rustiq-tall.jpg,Fng,"Glass Tumbler - Rustiq, Tall",4 pcs ,139.0
40136258_5-roxx-alaska-glass-bowl-with-lid.jpg,Roxx,Alaska Glass Bowl With Lid,2 pcs ,89.0
40136213_3-treo-bernard-scot-ice-bucket-with-tong-glassestumblers.jpg,Treo,Bernard Scot Ice Bucket With Tong & Glasses/Tumblers,7 pcs ,449.0
40136139_3-cello-borosilicate-mixing-bowl-set.jpg,Cello,Borosilicate Mixing Bowl Set,3 pcs ,595.0
40080354_4-lyra-dessert-bowl-destina.jpg,Lyra,Dessert Bowl - Destina,285 ml Pack of 6,459.0
40136257_4-roxx-fruits-nuts-storage-glass-bowl.jpg,Roxx,Fruits & Nuts Storage Glass Bowl,2 pcs ,89.0
40136207_2-soogo-glass-bowl-set-bistro.jpg,Soogo,Glass Bowl Set - Bistro,2 pcs ,99.0
40136187_2-iveo-glass-bowl-set-violet.jpg,Iveo ,Glass Bowl Set - Violet,2 pcs ,139.0
40136208_3-soogo-glass-fish-plate-small.jpg,Soogo,Glass Fish Plate - Small,1 pc ,149.0
40059964_3-pasabahce-lotus-small-dessert-bowl-set.jpg,Pasabahce,Lotus Small Dessert Bowl Set,235 ml Pack of 6,780.0
40136189_2-iveo-melamine-nappy-bowl-combo-set-assorted-color.jpg,Iveo ,Melamine Nappy Bowl Combo Set - Assorted Color,250 gms Pack of 3,169.0
40136177_2-iveo-melamine-noodle-bowl-green.jpg,Iveo ,Melamine Noodle Bowl - Green,250 ml ,79.0
40136178_2-iveo-melamine-noodle-bowl-red.jpg,Iveo ,Melamine Noodle Bowl - Red,250 ml ,79.0
40136179_2-iveo-melamine-popcorn-bowl-green.jpg,Iveo ,Melamine Popcorn Bowl - Green,1 pc ,79.0
40136180_2-iveo-melamine-popcorn-bowl-red.jpg,Iveo ,Melamine Popcorn Bowl - Red,1 pc ,79.0
40136175_2-iveo-melamine-soup-bowl-with-spoon-green.jpg,Iveo ,Melamine Soup Bowl With Spoon - Green,150 ml ,79.0
40136176_2-iveo-melamine-soup-bowl-with-spoon-red.jpg,Iveo ,Melamine Soup Bowl With Spoon - Red,150 ml ,79.0
40136206_3-soogo-samara-glass-bowl.jpg,Soogo,Samara Glass Bowl,540 ml ,99.0
40114521_1-wood-kemp-soup-bowl-mariya-melamine-m2.jpg,Wood & Kemp,"Soup Bowl - Mariya Melamine, M2",1 pc ,35.0
40114522_1-wood-kemp-soup-bowl-mariya-melamine-m3.jpg,Wood & Kemp,"Soup Bowl - Mariya Melamine, M3",1 pc ,35.0
40114523_1-wood-kemp-soup-bowl-mariya-melamine-m7.jpg,Wood & Kemp,"Soup Bowl - Mariya Melamine, M7",1 pc ,35.0
40017577_1-lotte-choco-pie-premium-quality.jpg,Lotte,Choco Pie - Premium Quality,56 gm ,24.25
401806_1-patanjali-doodh-biscuit.jpg,Patanjali,Doodh Biscuit,100 gm ,10.0
1202645_2-sunfeast-dark-fantasy-choco-fills.jpg,Sunfeast,Dark Fantasy - Choco Fills,3x75 gm  - Rs 85.56,85.56
1200144_2-britannia-50-50-maska-chaska-biscuits.jpg,Britannia,50-50 Maska Chaska Biscuits,6x50 gm Multi Pack - Rs 52.38,52.38
1201304_1-britannia-nutri-choice-hi-fibre-digestive-biscuits.jpg,Britannia,Nutri Choice - Hi Fibre Digestive Biscuits,2x100 gm Multipack - Rs 34.92,34.92
1200588_2-cadbury-oreo-biscuit-vanilla-creme.jpg,Cadbury,Oreo Biscuit - Vanilla Creme,3x120 gm Multipack - Rs 82.71,82.71
1200161_2-britannia-biscuits-marie-gold.jpg,Britannia,Biscuits - Marie Gold,3x250 gm Multi Pack - Rs 78.57,78.57
1203939_1-britannia-biscuits-milk-bikis.jpg,Britannia,Biscuits - Milk Bikis,3x200 gm Multipack - Rs 52.38,52.38
1200589_2-bb-combo-oreo-vanilla-creme-biscuits-120gm-bournvita-pro-health-chocolate-cookies-120gm.jpg,bb Combo,Oreo Vanilla Creme Biscuits 120gm + Bournvita Pro Health Chocolate Cookies 120gm,Combo 2 Items,51.09
1203908_1-britannia-good-day-cookies-rich-cashew.jpg,Britannia,Good Day Cookies - Rich Cashew,6x58 gm Multipack - Rs 52.38,52.38
1201975_1-oreo-creme-biscuits-vanilla-120g-choco-120g-strawberry-120g.jpg,Oreo,Creme Biscuits - Vanilla 120G + Choco 120G + Strawberry 120G,Combo 3 Items,78.73
100609530_14-cadbury-oreo-creme-biscuit-chocolate.jpg,Cadbury,Oreo Creme Biscuit - Chocolate,120 gm  - Rs 26.10,26.1
1202652_2-sunfeast-moms-magic-cashew-almond.jpg,Sunfeast,Moms Magic - Cashew & Almond,3x200 gm  - Rs 85.56,85.56
40056215_10-mcvities-digestive-biscuits.jpg,Mcvities,Digestive Biscuits,200 gm Pack of 5,154.23
100114531_16-parle-monaco.jpg,Parle,Monaco,200 gm Pouch - Rs 29.10,29.1
1201309_1-britannia-bourbon-cream-biscuit-chocolate-flavor.jpg,Britannia,Bourbon Cream Biscuit - Chocolate Flavor,2x150 gm Multipack - Rs 48.88,48.88
40074971_12-cadbury-bournvita-biscuit-chocolate-pro-health-vitamins.jpg,Cadbury,"Bournvita Biscuit - Chocolate, Pro Health Vitamins",47.9 gm Pouch - Rs 9.70,9.7
1203915_1-britannia-nice-time-sugar-showered-coconut-biscuits.jpg,Britannia,Nice Time - Sugar Showered Coconut Biscuits,6x73 gm Multipack - Rs 52.38,52.38
1200145_2-britannia-premium-bake-rusk.jpg,Britannia,Premium Bake Rusk,2x300 gm Multi Pack - Rs 69.84,69.84
40075274_1-patanjali-biscuits-jeera-bites.jpg,Patanjali,Biscuits - Jeera Bites,65 gm ,10.0
40003275_7-quaker-oats.jpg,Quaker,Oats,600 gm Pouch - Rs 96.03,96.03
40128456_1-saffola-masala-oats-peppy-tomato.jpg,Saffola,Masala Oats - Peppy Tomato,500 gm  - Rs 150.00,150.0
40128455_1-saffola-masala-oats-veggie-twist.jpg,Saffola,Masala Oats - Veggie Twist,500 gm  - Rs 150.00,150.0
235096_3-bagrrys-oats-white.jpg,Bagrrys,Oats - White,500 gm Carton,96.03
40005457_2-saffola-oats-100-natural.jpg,Saffola,Oats - 100% Natural,1 kg Pouch,179.45
40083108_19-kelloggs-savory-oats-mast-masala.jpg,Kelloggs,Savory Oats Mast Masala,39 gm ,14.55
273809_4-kelloggs-heart-to-heart-oats.jpg,Kelloggs,Heart to Heart Oats,1 kg  - Rs 135.00,135.0
1204108_1-quaker-oats-tomato-veggie-surprise.jpg,Quaker,Oats -Tomato Veggie Surprise,6x40 gm Multipack - Rs 65.46,65.46
40083109_19-kelloggs-savory-oats-hot-chinese.jpg,Kelloggs,Savory Oats Hot Chinese,39 gm ,14.55
258053_3-bagrrys-oats-white.jpg,Bagrrys,Oats - White,1 kg Pouch - Rs 150.00,150.0
40006937_4-saffola-oats.jpg,Saffola,Oats,200 gm Pouch - Rs 43.65,43.65
40033778_1-eco-valley-hearty-oats.jpg,Eco Valley ,Hearty Oats,1 kg ,115.0
1202976_1-saffola-masala-oats-chinese.jpg,Saffola,Masala Oats - Chinese,3x250 gm Multipack - Rs 200.46,200.46
1205262_1-saffola-masala-oats-classic-masala-500-gm-masala-oats-peppy-tomato-500-gm.jpg,Saffola,Masala Oats - Classic Masala 500 gm + Masala Oats - Peppy Tomato 500 gm,Combo 2 Items,300.0
1205261_1-saffola-masala-oats-classic-masala-500-gm-masala-oats-veggie-twist-500-gm.jpg,Saffola,Masala Oats - Classic Masala 500 gm + Masala Oats - Veggie Twist 500 gm,Combo 2 Items,300.0
1202977_1-saffola-masala-oats-italian.jpg,Saffola,Masala Oats - Italian,3x250 gm Multipack - Rs 213.84,213.84
1205263_1-saffola-masala-oats-veggie-twist-500-gm-masala-oats-peppy-tomato-500-gm.jpg,Saffola,Masala Oats - Veggie Twist 500 gm + Masala Oats - Peppy Tomato 500 gm,Combo 2 Items,300.0
235095_3-bagrrys-oat-bran.jpg,Bagrrys,Oat - Bran,200 gm Carton,77.6
40094300_1-bagrrys-oats-atta.jpg,Bagrrys,Oats - Atta,500 gm ,96.03
40040350_4-quaker-oats-homestyle-masala.jpg,Quaker,Oats - Homestyle Masala,400 gm ,145.0
40067897_2-happydent-chewing-gum-white-xylit-sugarfree.jpg,Happydent ,"Chewing Gum - White Xylit, Sugarfree",6.6 gm  - Rs 4.85,4.85
40080967_4-wrigleys-orbit-chewing-gum-spearmint-sugarfree.jpg,Wrigleys,"Orbit Chewing Gum - Spearmint, Sugarfree",22 gm ,48.5
40016430_5-happydent-chewing-gum-complete-peppermint.jpg,Happydent ,"Chewing Gum - Complete, Peppermint",27.5 gm Bottle - Rs 38.80,38.8
40016431_5-happydent-chewing-gum-complete-spearmint-xylitol.jpg,Happydent ,"Chewing Gum - Complete, Spearmint, Xylitol",27.5 gm Bottle - Rs 38.80,38.8
40049560_1-yummiez-chicken-pepper-salami.jpg,Yummiez,Chicken - Pepper Salami,250 gm ,130.95
40099224_1-mccain-mini-samosa-cheese-pizza.jpg,McCain,Mini Samosa - Cheese Pizza,240 gm ,120.0
30000369_2-mccain-french-fries.jpg,McCain,French Fries,200 gm Pouch - Rs 43.65,43.65
269759_2-yummiez-cheese-finger-veg.jpg,Yummiez,Cheese Finger - Veg,400 gm Pouch,174.6
40016982_2-mccain-crunchy-potato-nuggets-chilli-garlic-potato-bites.jpg,McCain,Crunchy Potato Nuggets - Chilli Garlic Potato Bites,700 gm ,169.75
40000515_4-mccain-potato-bites-chilli-garlic.jpg,McCain,Potato Bites - Chilli Garlic,200 gm Pouch - Rs 43.65,43.65
258181_3-mccain-veggie-burger-patty.jpg,McCain,Veggie Burger Patty,360 gm Pouch,115.0
40099223_1-mccain-mini-samosa-cheese-corn.jpg,McCain,Mini Samosa - Cheese Corn,240 gm ,120.0
40016987_2-mccain-aloo-tikki.jpg,McCain,Aloo - Tikki,760 gm ,160.05
103692_7-safal-frozen-green-peas.jpg,Safal,Frozen - Green Peas,1 Kg Pouch - Rs 152.00,152.0
40099225_1-mccain-mini-samosa-cheese-jalapeno.jpg,McCain,Mini Samosa - Cheese Jalapeno,240 gm ,121.25
40016989_2-mccain-veggie-nuggets.jpg,McCain,Veggie - Nuggets,325 gm ,115.43
101489_3-mccain-smiles-crispy-happy-potatoes.jpg,McCain,Smiles - Crispy Happy Potatoes,415 gm Pouch - Rs 108.64,108.64
233753_3-mccain-aloo-tikki-mazedaar-masala.jpg,McCain,Aloo Tikki - Mazedaar Masala,400 gm Pouch,92.15
40016984_2-mccain-potato-cheese-shotz-crunchy-nuggets-of-potateos-cheese.jpg,McCain,Potato Cheese Shotz - Crunchy Nuggets of Potateos & Cheese,400 gm ,184.3
40049614_1-mccain-potato-cheese-shotz.jpg,McCain,Potato Cheese Shotz,250 gm ,121.25
40099226_1-mccain-smiles-pudina-chatka.jpg,McCain,Smiles - Pudina Chatka,375 gm ,108.64
40016995_4-mccain-veggie-fingers.jpg,McCain,Veggie - Fingers,175 gm ,43.65
40055097_2-godrej-yummiez-aloo-tikki.jpg,Godrej Yummiez,Aloo Tikki,400 gm ,82.45
40049563_1-yummiez-chicken-burger-patty.jpg,Yummiez,Chicken - Burger Patty,360 gm ,145.5
40125947_4-gits-ready-meals-dal-palak.jpg,Gits,Ready Meals - Dal Palak,300 gm ,72.75
40125944_4-gits-ready-meals-paneer-makhani.jpg,Gits,Ready Meals - Paneer Makhani,285 gm ,96.03
40125949_4-gits-ready-meals-punjabi-kadhi.jpg,Gits,Ready Meals - Punjabi Kadhi,300 gm ,82.45
40125945_4-gits-ready-meals-veg-pulao.jpg,Gits,Ready Meals - Veg Pulao,265 gm ,82.45
40001431_2-mtr-mix-khaman-dhokla.jpg,MTR,Mix - Khaman Dhokla,180 gm Pouch,50.44
266548_9-knorr-gravy-mix-chinese-schezuan-serves-4.jpg,Knorr,"Gravy Mix - Chinese Schezuan, Serves 4",49 gm ,48.5
100006780_5-aashirvaad-ready-meals-dal-makhani.jpg,Aashirvaad,Ready Meals - Dal Makhani,285 gm Carton,87.3
100112466_4-gits-ready-meals-dal-tadka.jpg,Gits,Ready Meals - Dal Tadka,300 gm Carton,72.75
100112468_4-gits-ready-meals-pau-bhaji.jpg,Gits,Ready Meals - Pau Bhaji,300 gm Carton,82.45
100123453_4-gits-ready-meals-punjabi-chhole-medium.jpg,Gits,Ready Meals - Punjabi Chhole (Medium),300 gm Carton,82.45
100123452_3-gits-ready-meals-rajma-masala.jpg,Gits,Ready Meals - Rajma Masala,300 gm Carton,82.45
100112474_4-gits-ready-meals-veg-biryani.jpg,Gits,Ready Meals - Veg. Biryani,265 gm Carton,82.45
265983_1-mtr-ready-to-eat-dal-makhani.jpg,MTR,Ready To Eat - Dal Makhani,300 gm Carton,87.3
40001476_1-mtr-ready-to-eat-muttar-paneer.jpg,MTR,Ready To Eat - Muttar Paneer,300 gm Carton,92.15
40001481_1-mtr-ready-to-eat-shahi-paneer.jpg,MTR,Ready To Eat - Shahi Paneer,300 gm Carton,92.15
30009234_3-gits-ready-meal-dal-makhani-no-onion-no-garlic.jpg,Gits,Ready Meal - Dal Makhani (No Onion No Garlic),300 gm Box,82.45
100112471_4-gits-ready-meals-palak-paneer.jpg,Gits,Ready Meals - Palak Paneer,285 gm Carton,96.03
100112473_3-gits-ready-meals-paneer-tikka-masala.jpg,Gits,Ready Meals - Paneer Tikka Masala,285 gm Carton,94.05
